Ammo_AmmunitionBox_Generic_AC10,AmmunitionBox
Ammo_AmmunitionBox_Generic_AC2,AmmunitionBox
Ammo_AmmunitionBox_Generic_AC20,AmmunitionBox
Ammo_AmmunitionBox_Generic_AC5,AmmunitionBox
Ammo_AmmunitionBox_Generic_GAUSS,AmmunitionBox
Ammo_AmmunitionBox_Generic_LB10X,AmmunitionBox
Ammo_AmmunitionBox_Generic_LB20X,AmmunitionBox
Ammo_AmmunitionBox_Generic_LB2X,AmmunitionBox
Ammo_AmmunitionBox_Generic_LB5X,AmmunitionBox
Ammo_AmmunitionBox_Generic_LRM,AmmunitionBox
Ammo_AmmunitionBox_Generic_MG,AmmunitionBox
Ammo_AmmunitionBox_Generic_Narc,AmmunitionBox
Ammo_AmmunitionBox_Generic_SRM,AmmunitionBox
Gear_Actuator_Coventry_Alpha,Upgrade
Gear_Actuator_Coventry_B20-Extended,Upgrade
Gear_Actuator_Coventry_B40-Extended,Upgrade
Gear_Actuator_Coventry_B60-Extended,Upgrade
Gear_Actuator_Coventry_X55-Standard,Upgrade
Gear_Actuator_Coventry_X65-Standard,Upgrade
Gear_Actuator_Coventry_X75-Standard,Upgrade
Gear_Actuator_Friedhof_Behemoth,Upgrade
Gear_Actuator_Friedhof_Colossus,Upgrade
Gear_Actuator_Friedhof_Cronos,Upgrade
Gear_Actuator_Friedhof_Gargantuan,Upgrade
Gear_Actuator_Friedhof_Heracles,Upgrade
Gear_Actuator_Friedhof_Perseus,Upgrade
Gear_Actuator_Friedhof_Theseus,Upgrade
Gear_Actuator_Pitban_Jackrabbit,Upgrade
Gear_Actuator_Pitban_Kangaroo,Upgrade
Gear_Actuator_Pitban_Wallaby,Upgrade
Gear_Actuator_Rawlings_Epsilon,Upgrade
Gear_Actuator_Rawlings_Omega,Upgrade
Gear_Actuator_Rawlings_Omicron,Upgrade
Gear_Cockpit_Ceres_Metals_Braced,Upgrade
Gear_Cockpit_Ceres_Metals_Hardened,Upgrade
Gear_Cockpit_Ceres_Metals_Reinforced,Upgrade
Gear_Cockpit_Majesty_M_M_120KL,Upgrade
Gear_Cockpit_Majesty_M_M_180KL,Upgrade
Gear_Cockpit_Majesty_M_M_60KL,Upgrade
Gear_Cockpit_Majesty_M_M_MagestrixAlpha,Upgrade
Gear_Cockpit_StarCorps_Advanced,Upgrade
Gear_Cockpit_StarCorps_Dalban,Upgrade
Gear_Cockpit_StarCorps_Enhanced,Upgrade
Gear_Cockpit_StarCorps_Improved,Upgrade
Gear_Gyro_Coventry_Mark-75,Upgrade
Gear_Gyro_Coventry_Mark-85,Upgrade
Gear_Gyro_Coventry_Mark-95,Upgrade
Gear_Gyro_Friedhof_Kite,Upgrade
Gear_Gyro_Friedhof_Osprey,Upgrade
Gear_Gyro_Friedhof_Sparrow,Upgrade
Gear_Gyro_Hermes_Equilibrium,Upgrade
Gear_Gyro_Rawlings_StabiliTrak-10,Upgrade
Gear_Gyro_Rawlings_StabiliTrak-15,Upgrade
Gear_Gyro_Rawlings_StabiliTrak-5,Upgrade
Gear_HeatSink_Generic_Bulk-Bank,HeatSink
Gear_HeatSink_Generic_Double,HeatSink
Gear_HeatSink_Generic_Improved-Bank,HeatSink
Gear_HeatSink_Generic_Standard,HeatSink
Gear_HeatSink_Generic_Standard-Bank,HeatSink
Gear_HeatSink_Generic_Thermal-Exchanger-I,HeatSink
Gear_HeatSink_Generic_Thermal-Exchanger-II,HeatSink
Gear_HeatSink_Generic_Thermal-Exchanger-III,HeatSink
Gear_JumpJet_Generic_Assault,JumpJet
Gear_JumpJet_Generic_Heavy,JumpJet
Gear_JumpJet_Generic_Standard,JumpJet
Gear_Mortar_MechMortar,Upgrade
Gear_Sensor_Prototype_ActiveProbe,Upgrade
Gear_Sensor_Prototype_ECM,Upgrade
Gear_TargetingTrackingSystem_Hartford_F1800,Upgrade
Gear_TargetingTrackingSystem_Hartford_F2400,Upgrade
Gear_TargetingTrackingSystem_Hartford_F3000,Upgrade
Gear_TargetingTrackingSystem_Hartford_S2000,Upgrade
Gear_TargetingTrackingSystem_Kallon_A-C-1000,Upgrade
Gear_TargetingTrackingSystem_Kallon_A-C-1500,Upgrade
Gear_TargetingTrackingSystem_Kallon_A-C-P150+,Upgrade
Gear_TargetingTrackingSystem_Kallon_Lock-On,Upgrade
Gear_TargetingTrackingSystem_RCA_InstaTrac-IX,Upgrade
Gear_TargetingTrackingSystem_RCA_InstaTrac-VIII,Upgrade
Gear_TargetingTrackingSystem_RCA_InstaTrac-X,Upgrade
Gear_TargetingTrackingSystem_RCA_InstaTrac-XII,Upgrade
mechdef_annihilator_ANH-1A,Mech
mechdef_annihilator_ANH-1A,MechPart
mechdef_archer_ARC-2R,Mech
mechdef_archer_ARC-2R,MechPart
mechdef_archer_ARC-2S,Mech
mechdef_archer_ARC-2S,MechPart
mechdef_assassin_ASN-101,Mech
mechdef_assassin_ASN-101,MechPart
mechdef_assassin_ASN-21,Mech
mechdef_assassin_ASN-21,MechPart
mechdef_atlas_AS7-D,Mech
mechdef_atlas_AS7-D,MechPart
mechdef_atlas_AS7-D-HT,Mech
mechdef_atlas_AS7-D-HT,MechPart
mechdef_awesome_AWS-8Q,Mech
mechdef_awesome_AWS-8Q,MechPart
mechdef_awesome_AWS-8T,Mech
mechdef_awesome_AWS-8T,MechPart
mechdef_banshee_BNC-3E,Mech
mechdef_banshee_BNC-3E,MechPart
mechdef_banshee_BNC-3M,Mech
mechdef_banshee_BNC-3M,MechPart
mechdef_banshee_BNC-3S,Mech
mechdef_banshee_BNC-3S,MechPart
mechdef_battlemaster_BLR-1G,Mech
mechdef_battlemaster_BLR-1G,MechPart
mechdef_blackjack_BJ-1,Mech
mechdef_blackjack_BJ-1,MechPart
mechdef_blackjack_BJ-1DB,Mech
mechdef_blackjack_BJ-1DB,MechPart
mechdef_blackknight_BL-6B-KNT,Mech
mechdef_blackknight_BL-6b-KNT,MechPart
mechdef_blackknight_BL-6B-KNT,MechPart
mechdef_blackknight_BL-6-KNT,Mech
mechdef_blackknight_BL-6-KNT,MechPart
mechdef_bullshark_BSK-M3,Mech
mechdef_bullshark_BSK-M3,MechPart
mechdef_bullshark_BSK-MAZ,Mech
mechdef_bullshark_BSK-MAZ,MechPart
mechdef_cataphract_CTF-1X,Mech
mechdef_cataphract_CTF-1X,MechPart
mechdef_catapult_CPLT-C1,Mech
mechdef_catapult_CPLT-C1,MechPart
mechdef_catapult_CPLT-C4,Mech
mechdef_catapult_CPLT-C4,MechPart
mechdef_catapult_CPLT-K2,Mech
mechdef_catapult_CPLT-K2,MechPart
mechdef_centurion_CN9-A,Mech
mechdef_centurion_CN9-A,MechPart
mechdef_centurion_CN9-AL,Mech
mechdef_centurion_CN9-AL,MechPart
mechdef_cicada_CDA-2A,Mech
mechdef_cicada_CDA-2A,MechPart
mechdef_cicada_CDA-3C,Mech
mechdef_cicada_CDA-3C,MechPart
mechdef_commando_COM-1B,Mech
mechdef_commando_COM-1B,MechPart
mechdef_commando_COM-2D,Mech
mechdef_commando_COM-2D,MechPart
mechdef_crab_CRB-27,Mech
mechdef_crab_CRB-27,MechPart
mechdef_cyclops_CP-10-Q,Mech
mechdef_cyclops_CP-10-Q,MechPart
mechdef_cyclops_CP-10-Z,Mech
mechdef_cyclops_CP-10-Z,MechPart
mechdef_dragon_DRG-1N,Mech
mechdef_dragon_DRG-1N,MechPart
mechdef_enforcer_ENF-4R,Mech
mechdef_enforcer_ENF-4R,MechPart
mechdef_firestarter_FS9-H,Mech
mechdef_firestarter_FS9-H,MechPart
mechdef_flea_FLE-15,Mech
mechdef_flea_FLE-15,MechPart
mechdef_flea_FLE-4,Mech
mechdef_flea_FLE-4,MechPart
mechdef_grasshopper_GHR-5H,Mech
mechdef_grasshopper_GHR-5H,MechPart
mechdef_griffin_GRF-1N,Mech
mechdef_griffin_GRF-1N,MechPart
mechdef_griffin_GRF-1S,Mech
mechdef_griffin_GRF-1S,MechPart
mechdef_griffin_GRF-4N,Mech
mechdef_griffin_GRF-4N,MechPart
mechdef_hatchetman_HCT-3F,Mech
mechdef_hatchetman_HCT-3F,MechPart
mechdef_hatchetman_HCT-3X,Mech
mechdef_hatchetman_HCT-3X,MechPart
mechdef_highlander_HGN-732b,Mech
mechdef_highlander_HGN-732b,Mech
mechdef_highlander_HGN-732b,MechPart
mechdef_highlander_HGN-732b,MechPart
mechdef_highlander_HGN-733,Mech
mechdef_highlander_HGN-733,MechPart
mechdef_highlander_HGN-733P,Mech
mechdef_highlander_HGN-733P,MechPart
mechdef_hunchback_HBK-4G,Mech
mechdef_hunchback_HBK-4G,MechPart
mechdef_hunchback_HBK-4P,Mech
mechdef_hunchback_HBK-4P,MechPart
mechdef_jagermech_JM6-A,Mech
mechdef_jagermech_JM6-A,MechPart
mechdef_jagermech_JM6-S,Mech
mechdef_jagermech_JM6-S,MechPart
mechdef_javelin_JVN-10F,Mech
mechdef_javelin_JVN-10F,MechPart
mechdef_javelin_JVN-10N,Mech
mechdef_javelin_JVN-10N,MechPart
mechdef_jenner_JR7-D,Mech
mechdef_jenner_JR7-D,MechPart
mechdef_kingcrab_KGC-0000,Mech
mechdef_kingcrab_KGC-0000,MechPart
mechdef_kintaro_KTO-18,Mech
mechdef_kintaro_KTO-18,MechPart
mechdef_locust_LCT-1E,Mech
mechdef_locust_LCT-1E,MechPart
mechdef_locust_LCT-1M,Mech
mechdef_locust_LCT-1M,MechPart
mechdef_locust_LCT-1S,Mech
mechdef_locust_LCT-1S,MechPart
mechdef_locust_LCT-1V,Mech
mechdef_locust_LCT-1V,MechPart
mechdef_marauder_MAD-3R,Mech
mechdef_marauder_MAD-3R,MechPart
mechdef_orion_ON1-K,Mech
mechdef_orion_ON1-K,MechPart
mechdef_orion_ON1-V,Mech
mechdef_orion_ON1-V,MechPart
mechdef_panther_PNT-9R,Mech
mechdef_panther_PNT-9R,MechPart
mechdef_phoenixhawk_PXH-1,Mech
mechdef_phoenixhawk_PXH-1,MechPart
mechdef_phoenixhawk_PXH-1K,Mech
mechdef_phoenixhawk_PXH-1K,MechPart
mechdef_quickdraw_QKD-4G,Mech
mechdef_quickdraw_QKD-4G,MechPart
mechdef_quickdraw_QKD-5A,Mech
mechdef_quickdraw_QKD-5A,MechPart
mechdef_raven_RVN-1X,Mech
mechdef_raven_RVN-1X,MechPart
mechdef_rifleman_RFL-3C,Mech
mechdef_rifleman_RFL-3C,MechPart
mechdef_rifleman_RFL-3N,Mech
mechdef_rifleman_RFL-3N,MechPart
mechdef_shadowhawk_SHD-2D,Mech
mechdef_shadowhawk_SHD-2D,MechPart
mechdef_shadowhawk_SHD-2H,Mech
mechdef_shadowhawk_SHD-2H,MechPart
mechdef_spider_SDR-5K,Mech
mechdef_spider_SDR-5K,MechPart
mechdef_spider_SDR-5V,Mech
mechdef_spider_SDR-5V,MechPart
mechdef_stalker_STK-3F,Mech
mechdef_stalker_STK-3F,MechPart
mechdef_thunderbolt_TDR-5S,Mech
mechdef_thunderbolt_TDR-5S,MechPart
mechdef_thunderbolt_TDR-5SE,Mech
mechdef_thunderbolt_TDR-5SE,MechPart
mechdef_thunderbolt_TDR-5SS,Mech
mechdef_thunderbolt_TDR-5SS,MechPart
mechdef_trebuchet_TBT-5N,Mech
mechdef_trebuchet_TBT-5N,MechPart
mechdef_urbanmech_UM-R60,Mech
mechdef_urbanmech_UM-R60,MechPart
mechdef_urbanmech_UM-R60L,Mech
mechdef_urbanmech_UM-R60L,MechPart
mechdef_urbanmech_UM-R90,Mech
mechdef_urbanmech_UM-R90,MechPart
mechdef_victor_VTR-9B,Mech
mechdef_victor_VTR-9B,MechPart
mechdef_victor_VTR-9S,Mech
mechdef_victor_VTR-9S,MechPart
mechdef_vindicator_VND-1AA,Mech
mechdef_vindicator_VND-1AA,MechPart
mechdef_vindicator_VND-1R,Mech
mechdef_vindicator_VND-1R,MechPart
mechdef_vulcan_VL-2T,Mech
mechdef_vulcan_VL-2T,MechPart
mechdef_vulcan_VL-5T,Mech
mechdef_vulcan_VL-5T,MechPart
mechdef_warhammer_WHM-6D,Mech
mechdef_warhammer_WHM-6D,MechPart
mechdef_warhammer_WHM-6R,Mech
mechdef_warhammer_WHM-6R,MechPart
mechdef_wolverine_WVR-6K,Mech
mechdef_wolverine_WVR-6K,MechPart
mechdef_wolverine_WVR-6R,Mech
mechdef_wolverine_WVR-6R,MechPart
mechdef_zeus_ZEU-6S,Mech
mechdef_zeus_ZEU-6S,MechPart
Weapon_Autocannon_AC10_0-STOCK,Weapon
Weapon_Autocannon_AC10_1-Defiance,Weapon
Weapon_Autocannon_AC10_1-Imperator,Weapon
Weapon_Autocannon_AC10_1-Kali_Yama,Weapon
Weapon_Autocannon_AC10_1-Mydron,Weapon
Weapon_Autocannon_AC10_2-Defiance,Weapon
Weapon_Autocannon_AC10_2-Federated,Weapon
Weapon_Autocannon_AC10_2-Imperator,Weapon
Weapon_Autocannon_AC10_2-Kali_Yama,Weapon
Weapon_Autocannon_AC10_2-Mydron,Weapon
Weapon_Autocannon_AC10_3-Federated,Weapon
Weapon_Autocannon_AC2_0-STOCK,Weapon
Weapon_Autocannon_AC2_1-Defiance,Weapon
Weapon_Autocannon_AC2_1-Federated,Weapon
Weapon_Autocannon_AC2_1-Kali_Yama,Weapon
Weapon_Autocannon_AC2_1-Mydron,Weapon
Weapon_Autocannon_AC2_2-Defiance,Weapon
Weapon_Autocannon_AC2_2-Federated,Weapon
Weapon_Autocannon_AC2_2-Imperator,Weapon
Weapon_Autocannon_AC2_2-Kali_Yama,Weapon
Weapon_Autocannon_AC2_2-Mydron,Weapon
Weapon_Autocannon_AC2_3-Imperator,Weapon
Weapon_Autocannon_AC20_0-STOCK,Weapon
Weapon_Autocannon_AC20_1-Defiance,Weapon
Weapon_Autocannon_AC20_1-Federated,Weapon
Weapon_Autocannon_AC20_1-Imperator,Weapon
Weapon_Autocannon_AC20_1-Mydron,Weapon
Weapon_Autocannon_AC20_2-Defiance,Weapon
Weapon_Autocannon_AC20_2-Federated,Weapon
Weapon_Autocannon_AC20_2-Imperator,Weapon
Weapon_Autocannon_AC20_2-Kali_Yama,Weapon
Weapon_Autocannon_AC20_2-Mydron,Weapon
Weapon_Autocannon_AC20_3-Kali_Yama,Weapon
Weapon_Autocannon_AC5_0-STOCK,Weapon
Weapon_Autocannon_AC5_1-Defiance,Weapon
Weapon_Autocannon_AC5_1-Federated,Weapon
Weapon_Autocannon_AC5_1-Imperator,Weapon
Weapon_Autocannon_AC5_1-Kali_Yama,Weapon
Weapon_Autocannon_AC5_2-Defiance,Weapon
Weapon_Autocannon_AC5_2-Federated,Weapon
Weapon_Autocannon_AC5_2-Imperator,Weapon
Weapon_Autocannon_AC5_2-Kali_Yama,Weapon
Weapon_Autocannon_AC5_2-Mydron,Weapon
Weapon_Autocannon_AC5_3-Mydron,Weapon
Weapon_Autocannon_LB10X_0-STOCK,Weapon
Weapon_Autocannon_LB10X_1-Western,Weapon
Weapon_Autocannon_LB10X_2-Western,Weapon
Weapon_Autocannon_LB20X_0-STOCK,Weapon
Weapon_Autocannon_LB20X_1-Shengli_Arms,Weapon
Weapon_Autocannon_LB20X_2-Shengli_Arms,Weapon
Weapon_Autocannon_LB2X_0-STOCK,Weapon
Weapon_Autocannon_LB2X_1-Defiance,Weapon
Weapon_Autocannon_LB2X_2-Defiance,Weapon
Weapon_Autocannon_LB5X_0-STOCK,Weapon
Weapon_Autocannon_LB5X_1-GM,Weapon
Weapon_Autocannon_LB5X_2-GM,Weapon
Weapon_Autocannon_UAC10_0-STOCK,Weapon
Weapon_Autocannon_UAC10_1-Federated,Weapon
Weapon_Autocannon_UAC10_2-Federated,Weapon
Weapon_Autocannon_UAC2_0-STOCK,Weapon
Weapon_Autocannon_UAC2_1-Imperator,Weapon
Weapon_Autocannon_UAC2_2-Imperator,Weapon
Weapon_Autocannon_UAC20_0-STOCK,Weapon
Weapon_Autocannon_UAC20_1-Kali_Yama,Weapon
Weapon_Autocannon_UAC20_2-Kali_Yama,Weapon
Weapon_Autocannon_UAC5_0-STOCK,Weapon
Weapon_Autocannon_UAC5_1-Mydron,Weapon
Weapon_Autocannon_UAC5_2-Mydron,Weapon
Weapon_COIL_COIL-L_0-STOCK,Weapon
Weapon_COIL_COIL-M_0-STOCK,Weapon
Weapon_COIL_COIL-S_0-STOCK,Weapon
Weapon_Flamer_Flamer_0-STOCK,Weapon
Weapon_Flamer_Flamer_1-Hotshot,Weapon
Weapon_Flamer_Flamer_2-Olympus,Weapon
Weapon_Gauss_Gauss_0-STOCK,Weapon
Weapon_Gauss_Gauss_1-M7,Weapon
Weapon_Gauss_Gauss_2-M9,Weapon
Weapon_Inferno_Inferno2_0-STOCK,Weapon
Weapon_Inferno_Inferno2_1-Harvester,Weapon
Weapon_Inferno_Inferno2_2-Marklin_Mini,Weapon
Weapon_Laser_LargeLaser_0-STOCK,Weapon
Weapon_Laser_LargeLaser_1-Diverse_Optics,Weapon
Weapon_Laser_LargeLaser_1-ExoStar,Weapon
Weapon_Laser_LargeLaser_1-Intek,Weapon
Weapon_Laser_LargeLaser_2-Diverse_Optics,Weapon
Weapon_Laser_LargeLaser_2-ExoStar,Weapon
Weapon_Laser_LargeLaser_2-Intek,Weapon
Weapon_Laser_LargeLaser_2-Magna,Weapon
Weapon_Laser_LargeLaser_3-Magna,Weapon
Weapon_Laser_LargeLaserER_0-STOCK,Weapon
Weapon_Laser_LargeLaserER_1-Blankenburg25,Weapon
Weapon_Laser_LargeLaserER_2-BlazeFire,Weapon
Weapon_Laser_LargeLaserPulse_0-STOCK,Weapon
Weapon_Laser_LargeLaserPulse_1-Thunderbolt12,Weapon
Weapon_Laser_LargeLaserPulse_2-Exostar,Weapon
Weapon_Laser_LargeLaserPulse_2-ExoStar,Weapon
Weapon_Laser_MediumLaser_0-STOCK,Weapon
Weapon_Laser_MediumLaser_1-ExoStar,Weapon
Weapon_Laser_MediumLaser_1-Intek,Weapon
Weapon_Laser_MediumLaser_1-Magna,Weapon
Weapon_Laser_MediumLaser_2-Diverse_Optics,Weapon
Weapon_Laser_MediumLaser_2-ExoStar,Weapon
Weapon_Laser_MediumLaser_2-Intek,Weapon
Weapon_Laser_MediumLaser_2-Magna,Weapon
Weapon_Laser_MediumLaser_3-Diverse_Optics,Weapon
Weapon_Laser_MediumLaserER_0-STOCK,Weapon
Weapon_Laser_MediumLaserER_1-MagnaVI,Weapon
Weapon_Laser_MediumLaserER_2-BrightBloom,Weapon
Weapon_Laser_MediumLaserPulse_0-STOCK,Weapon
Weapon_Laser_MediumLaserPulse_1-RakerIV,Weapon
Weapon_Laser_MediumLaserPulse_2-Magna400P,Weapon
Weapon_Laser_SmallLaser_0-STOCK,Weapon
Weapon_Laser_SmallLaser_1-Diverse_Optics,Weapon
Weapon_Laser_SmallLaser_1-ExoStar,Weapon
Weapon_Laser_SmallLaser_1-Intek,Weapon
Weapon_Laser_SmallLaser_1-Magna,Weapon
Weapon_Laser_SmallLaser_2-Diverse_Optics,Weapon
Weapon_Laser_SmallLaser_2-ExoStar,Weapon
Weapon_Laser_SmallLaser_2-Intek,Weapon
Weapon_Laser_SmallLaser_2-Magna,Weapon
Weapon_Laser_SmallLaser_3-Intek,Weapon
Weapon_Laser_SmallLaserER_0-STOCK,Weapon
Weapon_Laser_SmallLaserER_1-Diverse_Optics,Weapon
Weapon_Laser_SmallLaserER_2-BlazeFire,Weapon
Weapon_Laser_SmallLaserPulse_0-STOCK,Weapon
Weapon_Laser_SmallLaserPulse_1-Maxell,Weapon
Weapon_Laser_SmallLaserPulse_2-Magna200P,Weapon
Weapon_LRM_LRM10_0-STOCK,Weapon
Weapon_LRM_LRM10_1-Delta,Weapon
Weapon_LRM_LRM10_1-LongFire,Weapon
Weapon_LRM_LRM10_1-Telos,Weapon
Weapon_LRM_LRM10_2-Delta,Weapon
Weapon_LRM_LRM10_2-LongFire,Weapon
Weapon_LRM_LRM10_2-Telos,Weapon
Weapon_LRM_LRM10_2-Zeus,Weapon
Weapon_LRM_LRM10_3-Zeus,Weapon
Weapon_LRM_LRM15_0-STOCK,Weapon
Weapon_LRM_LRM15_1-Delta,Weapon
Weapon_LRM_LRM15_1-LongFire,Weapon
Weapon_LRM_LRM15_1-Telos,Weapon
Weapon_LRM_LRM15_2-Delta,Weapon
Weapon_LRM_LRM15_2-LongFire,Weapon
Weapon_LRM_LRM15_2-Telos,Weapon
Weapon_LRM_LRM15_2-Zeus,Weapon
Weapon_LRM_LRM15_3-Zeus,Weapon
Weapon_LRM_LRM20_0-STOCK,Weapon
Weapon_LRM_LRM20_1-Delta,Weapon
Weapon_LRM_LRM20_1-LongFire,Weapon
Weapon_LRM_LRM20_1-Telos,Weapon
Weapon_LRM_LRM20_2-Delta,Weapon
Weapon_LRM_LRM20_2-LongFire,Weapon
Weapon_LRM_LRM20_2-Telos,Weapon
Weapon_LRM_LRM20_2-Zeus,Weapon
Weapon_LRM_LRM20_3-Zeus,Weapon
Weapon_LRM_LRM5_0-STOCK,Weapon
Weapon_LRM_LRM5_1-Delta,Weapon
Weapon_LRM_LRM5_1-LongFire,Weapon
Weapon_LRM_LRM5_1-Telos,Weapon
Weapon_LRM_LRM5_2-Delta,Weapon
Weapon_LRM_LRM5_2-LongFire,Weapon
Weapon_LRM_LRM5_2-Telos,Weapon
Weapon_LRM_LRM5_2-Zeus,Weapon
Weapon_LRM_LRM5_3-Zeus,Weapon
Weapon_MachineGun_MachineGun_0-STOCK,Weapon
Weapon_Narc_Standard_0-STOCK,Weapon
Weapon_Narc_Standard_1-Ceres_Arms,Weapon
Weapon_Narc_Standard_2-Kali_Yama,Weapon
Weapon_PPC_PPC_0-STOCK,Weapon
Weapon_PPC_PPC_1-Ceres_Arms,Weapon
Weapon_PPC_PPC_1-Donal,Weapon
Weapon_PPC_PPC_1-Tiegart,Weapon
Weapon_PPC_PPC_2-Ceres_Arms,Weapon
Weapon_PPC_PPC_2-Donal,Weapon
Weapon_PPC_PPC_2-Tiegart,Weapon
Weapon_PPC_PPCER_0-STOCK,Weapon
Weapon_PPC_PPCER_1-MagnaFirestar,Weapon
Weapon_PPC_PPCER_2-TiegartMagnum,Weapon
Weapon_PPC_PPCSnub_0-STOCK,Weapon
Weapon_PPC_PPCSnub_1-Ceres_Arms,Weapon
Weapon_PPC_PPCSnub_1-Donal,Weapon
Weapon_PPC_PPCSnub_1-Magna,Weapon
Weapon_PPC_PPCSnub_2-Ceres_Arms,Weapon
Weapon_PPC_PPCSnub_2-Donal,Weapon
Weapon_PPC_PPCSnub_2-Magna,Weapon
Weapon_SRM_SRM2_0-STOCK,Weapon
Weapon_SRM_SRM2_1-Holly,Weapon
Weapon_SRM_SRM2_1-Irian,Weapon
Weapon_SRM_SRM2_2-Holly,Weapon
Weapon_SRM_SRM2_2-Irian,Weapon
Weapon_SRM_SRM2_2-Valiant,Weapon
Weapon_SRM_SRM2_3-Valiant,Weapon
Weapon_SRM_SRM4_0-STOCK,Weapon
Weapon_SRM_SRM4_1-Holly,Weapon
Weapon_SRM_SRM4_1-Irian,Weapon
Weapon_SRM_SRM4_2-Holly,Weapon
Weapon_SRM_SRM4_2-Irian,Weapon
Weapon_SRM_SRM4_2-Valiant,Weapon
Weapon_SRM_SRM4_3-Valiant,Weapon
Weapon_SRM_SRM6_0-STOCK,Weapon
Weapon_SRM_SRM6_1-Holly,Weapon
Weapon_SRM_SRM6_1-Irian,Weapon
Weapon_SRM_SRM6_2-Holly,Weapon
Weapon_SRM_SRM6_2-Irian,Weapon
Weapon_SRM_SRM6_2-Valiant,Weapon
Weapon_SRM_SRM6_3-Valiant,Weapon
Weapon_TAG_Standard_0-STOCK,Weapon
Weapon_TAG_Standard_1-Mendham,Weapon
Weapon_TAG_Standard_2-Ceres_Arms,Weapon
